view,postFX,meanMs,p95Ms,maxMs,meanFPS,samples
01_spawn_atmosphere,True,1.959,2.334,2.648,510.4,180
01_spawn_atmosphere,False,1.749,2.219,2.642,571.7,180
02_forest_depth,True,1.599,2.079,2.500,625.2,180
02_forest_depth,False,1.565,2.014,2.863,639.0,180
03_lake_water,True,1.319,1.625,1.937,758.3,180
03_lake_water,False,1.044,1.406,1.720,957.8,180
04_bridge_creek,True,1.647,2.082,2.462,607.1,180
04_bridge_creek,False,1.572,1.961,2.478,636.3,180
05_light_grove,True,1.623,2.016,2.370,616.2,180
05_light_grove,False,1.424,1.834,3.477,702.1,180
06_heart_garden,True,1.645,1.997,2.353,607.9,180
06_heart_garden,False,1.330,1.548,1.805,752.0,180
07_final_hill_distance,True,1.493,1.921,2.491,669.8,180
07_final_hill_distance,False,1.331,1.872,4.641,751.4,180
08_final_camp,True,1.508,2.243,3.395,663.3,180
08_final_camp,False,1.152,1.492,1.824,868.4,180
09_npc_lighting,True,1.795,2.228,2.423,557.2,180
09_npc_lighting,False,1.531,1.941,2.618,653.0,180
10_fox_forest,True,1.222,1.576,2.083,818.0,180
10_fox_forest,False,1.043,1.289,1.600,959.2,180
